{
  "id": "3372383",
  "name": "my iconfont",
  "font_family": "iconfont",
  "css_prefix_text": "icon-",
  "description": "项目图标库",
  "glyphs": [
    {
      "icon_id": "29391690",
      "name": "account-book",
      "font_class": "account-book",
      "unicode": "e94e",
      "unicode_decimal": 59726
    },
    {
      "icon_id": "29391694",
      "name": "align-right",
      "font_class": "align-right",
      "unicode": "e94f",
      "unicode_decimal": 59727
    },
    {
      "icon_id": "29391695",
      "name": "aliwangwang",
      "font_class": "aliwangwang",
      "unicode": "e950",
      "unicode_decimal": 59728
    },
    {
      "icon_id": "29391696",
      "name": "align-center",
      "font_class": "align-center",
      "unicode": "e951",
      "unicode_decimal": 59729
    },
    {
      "icon_id": "29391698",
      "name": "alipay",
      "font_class": "alipay",
      "unicode": "e952",
      "unicode_decimal": 59730
    },
    {
      "icon_id": "29391700",
      "name": "apartment",
      "font_class": "apartment",
      "unicode": "e953",
      "unicode_decimal": 59731
    },
    {
      "icon_id": "29391703",
      "name": "appstore",
      "font_class": "appstore",
      "unicode": "e954",
      "unicode_decimal": 59732
    },
    {
      "icon_id": "29391704",
      "name": "ant-design",
      "font_class": "ant-design",
      "unicode": "e955",
      "unicode_decimal": 59733
    },
    {
      "icon_id": "29391706",
      "name": "aim",
      "font_class": "aim",
      "unicode": "e956",
      "unicode_decimal": 59734
    },
    {
      "icon_id": "29391708",
      "name": "arrow-left",
      "font_class": "arrow-left",
      "unicode": "e957",
      "unicode_decimal": 59735
    },
    {
      "icon_id": "29391709",
      "name": "android",
      "font_class": "android",
      "unicode": "e958",
      "unicode_decimal": 59736
    },
    {
      "icon_id": "29391710",
      "name": "arrow-down",
      "font_class": "arrow-down",
      "unicode": "e959",
      "unicode_decimal": 59737
    },
    {
      "icon_id": "29391712",
      "name": "apple",
      "font_class": "apple",
      "unicode": "e95a",
      "unicode_decimal": 59738
    },
    {
      "icon_id": "29391713",
      "name": "arrow-right",
      "font_class": "arrow-right",
      "unicode": "e95b",
      "unicode_decimal": 59739
    },
    {
      "icon_id": "29391714",
      "name": "arrow-up",
      "font_class": "arrow-up",
      "unicode": "e95c",
      "unicode_decimal": 59740
    },
    {
      "icon_id": "29391718",
      "name": "bank",
      "font_class": "bank",
      "unicode": "e95d",
      "unicode_decimal": 59741
    },
    {
      "icon_id": "29391719",
      "name": "audit",
      "font_class": "audit",
      "unicode": "e95e",
      "unicode_decimal": 59742
    },
    {
      "icon_id": "29391721",
      "name": "arrows-alt",
      "font_class": "arrows-alt",
      "unicode": "e95f",
      "unicode_decimal": 59743
    },
    {
      "icon_id": "29391723",
      "name": "barcode",
      "font_class": "barcode",
      "unicode": "e960",
      "unicode_decimal": 59744
    },
    {
      "icon_id": "29391724",
      "name": "bell",
      "font_class": "bell",
      "unicode": "e961",
      "unicode_decimal": 59745
    },
    {
      "icon_id": "29391725",
      "name": "book",
      "font_class": "book",
      "unicode": "e962",
      "unicode_decimal": 59746
    },
    {
      "icon_id": "29391726",
      "name": "bold",
      "font_class": "bold",
      "unicode": "e963",
      "unicode_decimal": 59747
    },
    {
      "icon_id": "29391729",
      "name": "block",
      "font_class": "block",
      "unicode": "e964",
      "unicode_decimal": 59748
    },
    {
      "icon_id": "29391730",
      "name": "border-inner",
      "font_class": "border-inner",
      "unicode": "e965",
      "unicode_decimal": 59749
    },
    {
      "icon_id": "29391732",
      "name": "border-bottom",
      "font_class": "border-bottom",
      "unicode": "e966",
      "unicode_decimal": 59750
    },
    {
      "icon_id": "29391736",
      "name": "border",
      "font_class": "border",
      "unicode": "e967",
      "unicode_decimal": 59751
    },
    {
      "icon_id": "29391738",
      "name": "branches",
      "font_class": "branches",
      "unicode": "e968",
      "unicode_decimal": 59752
    },
    {
      "icon_id": "29391739",
      "name": "border-right",
      "font_class": "border-right",
      "unicode": "e969",
      "unicode_decimal": 59753
    },
    {
      "icon_id": "29391742",
      "name": "bulb",
      "font_class": "bulb",
      "unicode": "e96a",
      "unicode_decimal": 59754
    },
    {
      "icon_id": "29391746",
      "name": "bug",
      "font_class": "bug",
      "unicode": "e96b",
      "unicode_decimal": 59755
    },
    {
      "icon_id": "29391751",
      "name": "car",
      "font_class": "car",
      "unicode": "e96c",
      "unicode_decimal": 59756
    },
    {
      "icon_id": "29391752",
      "name": "calendar",
      "font_class": "calendar",
      "unicode": "e96d",
      "unicode_decimal": 59757
    },
    {
      "icon_id": "29391754",
      "name": "carry-out",
      "font_class": "carry-out",
      "unicode": "e96e",
      "unicode_decimal": 59758
    },
    {
      "icon_id": "29391755",
      "name": "check",
      "font_class": "check",
      "unicode": "e96f",
      "unicode_decimal": 59759
    },
    {
      "icon_id": "29391756",
      "name": "check-circle",
      "font_class": "check-circle",
      "unicode": "e970",
      "unicode_decimal": 59760
    },
    {
      "icon_id": "29391761",
      "name": "clock-circle",
      "font_class": "clock-circle",
      "unicode": "e971",
      "unicode_decimal": 59761
    },
    {
      "icon_id": "29391764",
      "name": "cloud-download",
      "font_class": "cloud-download",
      "unicode": "e972",
      "unicode_decimal": 59762
    },
    {
      "icon_id": "29391767",
      "name": "cloud-upload",
      "font_class": "cloud-upload",
      "unicode": "e973",
      "unicode_decimal": 59763
    },
    {
      "icon_id": "29391768",
      "name": "cloud",
      "font_class": "cloud",
      "unicode": "e974",
      "unicode_decimal": 59764
    },
    {
      "icon_id": "29391781",
      "name": "contacts",
      "font_class": "contacts",
      "unicode": "e975",
      "unicode_decimal": 59765
    },
    {
      "icon_id": "29391782",
      "name": "console-sql",
      "font_class": "console-sql",
      "unicode": "e976",
      "unicode_decimal": 59766
    },
    {
      "icon_id": "29391783",
      "name": "credit-card",
      "font_class": "credit-card",
      "unicode": "e977",
      "unicode_decimal": 59767
    },
    {
      "icon_id": "29391784",
      "name": "customer-service",
      "font_class": "customer-service",
      "unicode": "e978",
      "unicode_decimal": 59768
    },
    {
      "icon_id": "29391788",
      "name": "crown",
      "font_class": "crown",
      "unicode": "e979",
      "unicode_decimal": 59769
    },
    {
      "icon_id": "29391789",
      "name": "compass",
      "font_class": "compass",
      "unicode": "e97a",
      "unicode_decimal": 59770
    },
    {
      "icon_id": "29391791",
      "name": "copy",
      "font_class": "copy",
      "unicode": "e97b",
      "unicode_decimal": 59771
    },
    {
      "icon_id": "29391792",
      "name": "control",
      "font_class": "control",
      "unicode": "e97c",
      "unicode_decimal": 59772
    },
    {
      "icon_id": "29391793",
      "name": "database",
      "font_class": "database",
      "unicode": "e97d",
      "unicode_decimal": 59773
    },
    {
      "icon_id": "29391794",
      "name": "delete",
      "font_class": "delete",
      "unicode": "e97e",
      "unicode_decimal": 59774
    },
    {
      "icon_id": "29391795",
      "name": "dashboard",
      "font_class": "dashboard",
      "unicode": "e97f",
      "unicode_decimal": 59775
    },
    {
      "icon_id": "29391798",
      "name": "desktop",
      "font_class": "desktop",
      "unicode": "e980",
      "unicode_decimal": 59776
    },
    {
      "icon_id": "29391805",
      "name": "disconnect",
      "font_class": "disconnect",
      "unicode": "e981",
      "unicode_decimal": 59777
    },
    {
      "icon_id": "29391806",
      "name": "dislike",
      "font_class": "dislike",
      "unicode": "e982",
      "unicode_decimal": 59778
    },
    {
      "icon_id": "29391811",
      "name": "down-circle",
      "font_class": "down-circle",
      "unicode": "e983",
      "unicode_decimal": 59779
    },
    {
      "icon_id": "29391813",
      "name": "download",
      "font_class": "download",
      "unicode": "e984",
      "unicode_decimal": 59780
    },
    {
      "icon_id": "29391818",
      "name": "enter",
      "font_class": "enter",
      "unicode": "e985",
      "unicode_decimal": 59781
    },
    {
      "icon_id": "29391820",
      "name": "ellipsis",
      "font_class": "ellipsis",
      "unicode": "e986",
      "unicode_decimal": 59782
    },
    {
      "icon_id": "29391821",
      "name": "environment",
      "font_class": "environment",
      "unicode": "e987",
      "unicode_decimal": 59783
    },
    {
      "icon_id": "29391822",
      "name": "edit",
      "font_class": "edit",
      "unicode": "e988",
      "unicode_decimal": 59784
    },
    {
      "icon_id": "29391827",
      "name": "eye",
      "font_class": "eye",
      "unicode": "e989",
      "unicode_decimal": 59785
    },
    {
      "icon_id": "29391828",
      "name": "fast-forward",
      "font_class": "fast-forward",
      "unicode": "e98a",
      "unicode_decimal": 59786
    },
    {
      "icon_id": "29391849",
      "name": "file-search",
      "font_class": "file-search",
      "unicode": "e98b",
      "unicode_decimal": 59787
    },
    {
      "icon_id": "29391851",
      "name": "field-time",
      "font_class": "field-time",
      "unicode": "e98c",
      "unicode_decimal": 59788
    },
    {
      "icon_id": "29391859",
      "name": "file",
      "font_class": "file",
      "unicode": "e98d",
      "unicode_decimal": 59789
    },
    {
      "icon_id": "29391860",
      "name": "filter",
      "font_class": "filter",
      "unicode": "e98e",
      "unicode_decimal": 59790
    },
    {
      "icon_id": "29391861",
      "name": "fire",
      "font_class": "fire",
      "unicode": "e98f",
      "unicode_decimal": 59791
    },
    {
      "icon_id": "29391864",
      "name": "folder-open",
      "font_class": "folder-open",
      "unicode": "e990",
      "unicode_decimal": 59792
    },
    {
      "icon_id": "29391865",
      "name": "folder",
      "font_class": "folder",
      "unicode": "e991",
      "unicode_decimal": 59793
    },
    {
      "icon_id": "29391866",
      "name": "folder-view",
      "font_class": "folder-view",
      "unicode": "e992",
      "unicode_decimal": 59794
    },
    {
      "icon_id": "29391872",
      "name": "frown",
      "font_class": "frown",
      "unicode": "e993",
      "unicode_decimal": 59795
    },
    {
      "icon_id": "29391873",
      "name": "forward",
      "font_class": "forward",
      "unicode": "e994",
      "unicode_decimal": 59796
    },
    {
      "icon_id": "29391875",
      "name": "fullscreen",
      "font_class": "fullscreen",
      "unicode": "e995",
      "unicode_decimal": 59797
    },
    {
      "icon_id": "29391876",
      "name": "fullscreen-exit",
      "font_class": "fullscreen-exit",
      "unicode": "e996",
      "unicode_decimal": 59798
    },
    {
      "icon_id": "29391883",
      "name": "gift",
      "font_class": "gift",
      "unicode": "e997",
      "unicode_decimal": 59799
    },
    {
      "icon_id": "29391886",
      "name": "google",
      "font_class": "google",
      "unicode": "e998",
      "unicode_decimal": 59800
    },
    {
      "icon_id": "29391892",
      "name": "global",
      "font_class": "global",
      "unicode": "e999",
      "unicode_decimal": 59801
    },
    {
      "icon_id": "29391893",
      "name": "holder",
      "font_class": "holder",
      "unicode": "e99a",
      "unicode_decimal": 59802
    },
    {
      "icon_id": "29391895",
      "name": "home",
      "font_class": "home",
      "unicode": "e99b",
      "unicode_decimal": 59803
    },
    {
      "icon_id": "29391902",
      "name": "ie",
      "font_class": "ie",
      "unicode": "e99c",
      "unicode_decimal": 59804
    },
    {
      "icon_id": "29391922",
      "name": "like",
      "font_class": "like",
      "unicode": "e99d",
      "unicode_decimal": 59805
    },
    {
      "icon_id": "29391927",
      "name": "lock",
      "font_class": "lock",
      "unicode": "e99e",
      "unicode_decimal": 59806
    },
    {
      "icon_id": "29391942",
      "name": "menu-unfold",
      "font_class": "menu-unfold",
      "unicode": "e99f",
      "unicode_decimal": 59807
    },
    {
      "icon_id": "29391943",
      "name": "menu-fold",
      "font_class": "menu-fold",
      "unicode": "e9a0",
      "unicode_decimal": 59808
    },
    {
      "icon_id": "29391944",
      "name": "message",
      "font_class": "message",
      "unicode": "e9a1",
      "unicode_decimal": 59809
    },
    {
      "icon_id": "29391952",
      "name": "meh",
      "font_class": "meh",
      "unicode": "e9a2",
      "unicode_decimal": 59810
    },
    {
      "icon_id": "29391955",
      "name": "more",
      "font_class": "more",
      "unicode": "e9a3",
      "unicode_decimal": 59811
    },
    {
      "icon_id": "29391967",
      "name": "phone",
      "font_class": "phone",
      "unicode": "e9a4",
      "unicode_decimal": 59812
    },
    {
      "icon_id": "29391972",
      "name": "plus",
      "font_class": "plus",
      "unicode": "e9a5",
      "unicode_decimal": 59813
    },
    {
      "icon_id": "29392011",
      "name": "scan",
      "font_class": "scan",
      "unicode": "e9a6",
      "unicode_decimal": 59814
    },
    {
      "icon_id": "29392013",
      "name": "safety",
      "font_class": "safety",
      "unicode": "e9a7",
      "unicode_decimal": 59815
    },
    {
      "icon_id": "29392014",
      "name": "scissor",
      "font_class": "scissor",
      "unicode": "e9a8",
      "unicode_decimal": 59816
    },
    {
      "icon_id": "29392016",
      "name": "save",
      "font_class": "save",
      "unicode": "e9a9",
      "unicode_decimal": 59817
    },
    {
      "icon_id": "29392017",
      "name": "select",
      "font_class": "select",
      "unicode": "e9aa",
      "unicode_decimal": 59818
    },
    {
      "icon_id": "29392018",
      "name": "send",
      "font_class": "send",
      "unicode": "e9ab",
      "unicode_decimal": 59819
    },
    {
      "icon_id": "29392019",
      "name": "schedule",
      "font_class": "schedule",
      "unicode": "e9ac",
      "unicode_decimal": 59820
    },
    {
      "icon_id": "29392021",
      "name": "setting",
      "font_class": "setting",
      "unicode": "e9ad",
      "unicode_decimal": 59821
    },
    {
      "icon_id": "29392022",
      "name": "search",
      "font_class": "search",
      "unicode": "e9ae",
      "unicode_decimal": 59822
    },
    {
      "icon_id": "29392025",
      "name": "shopping-cart",
      "font_class": "shopping-cart",
      "unicode": "e9af",
      "unicode_decimal": 59823
    },
    {
      "icon_id": "29392028",
      "name": "sketch",
      "font_class": "sketch",
      "unicode": "e9b0",
      "unicode_decimal": 59824
    },
    {
      "icon_id": "29392029",
      "name": "share-alt",
      "font_class": "share-alt",
      "unicode": "e9b1",
      "unicode_decimal": 59825
    },
    {
      "icon_id": "29392032",
      "name": "smile",
      "font_class": "smile",
      "unicode": "e9b2",
      "unicode_decimal": 59826
    },
    {
      "icon_id": "29392034",
      "name": "solution",
      "font_class": "solution",
      "unicode": "e9b3",
      "unicode_decimal": 59827
    },
    {
      "icon_id": "29392043",
      "name": "star",
      "font_class": "star",
      "unicode": "e9b4",
      "unicode_decimal": 59828
    },
    {
      "icon_id": "29392046",
      "name": "stop",
      "font_class": "stop",
      "unicode": "e9b5",
      "unicode_decimal": 59829
    },
    {
      "icon_id": "29392059",
      "name": "team",
      "font_class": "team",
      "unicode": "e9b6",
      "unicode_decimal": 59830
    },
    {
      "icon_id": "29392062",
      "name": "thunderbolt",
      "font_class": "thunderbolt",
      "unicode": "e9b7",
      "unicode_decimal": 59831
    },
    {
      "icon_id": "29392074",
      "name": "unlock",
      "font_class": "unlock",
      "unicode": "e9b8",
      "unicode_decimal": 59832
    },
    {
      "icon_id": "29392082",
      "name": "verified",
      "font_class": "verified",
      "unicode": "e9b9",
      "unicode_decimal": 59833
    },
    {
      "icon_id": "29392084",
      "name": "usb",
      "font_class": "usb",
      "unicode": "e9ba",
      "unicode_decimal": 59834
    },
    {
      "icon_id": "29392086",
      "name": "user-add",
      "font_class": "user-add",
      "unicode": "e9bb",
      "unicode_decimal": 59835
    },
    {
      "icon_id": "29392090",
      "name": "user",
      "font_class": "user",
      "unicode": "e9bc",
      "unicode_decimal": 59836
    },
    {
      "icon_id": "29392097",
      "name": "wifi",
      "font_class": "wifi",
      "unicode": "e9bd",
      "unicode_decimal": 59837
    },
    {
      "icon_id": "29392099",
      "name": "windows",
      "font_class": "windows",
      "unicode": "e9be",
      "unicode_decimal": 59838
    },
    {
      "icon_id": "29392105",
      "name": "vertical-align-bottom",
      "font_class": "vertical-align-bottom",
      "unicode": "e9bf",
      "unicode_decimal": 59839
    }
  ]
}
